ballotID,CandidateID,Preference
1,13321,3
1,17846,6
1,17258,5
1,20645,4
1,10268,1
1,20553,2
2,13321,2
2,17846,4
2,17258,6
2,20645,1
2,10268,3
2,20553,5
3,13321,3
3,17846,6
3,17258,5
3,20645,4
3,10268,1
3,20553,2
4,13321,4
4,17846,2
4,17258,6
4,20645,5
4,10268,1
4,20553,3
5,13321,3
5,17846,6
5,17258,5
5,20645,4
5,10268,1
5,20553,2
6,13321,3
6,17846,6
6,17258,5
6,20645,4
6,10268,1
6,20553,2
7,13321,3
7,17846,5
7,17258,2
7,20645,6
7,10268,4
7,20553,1
8,13321,2
8,17846,6
8,17258,1
8,20645,4
8,10268,5
8,20553,3
9,13321,5
9,17846,1
9,17258,2
9,20645,6
9,10268,4
9,20553,3
10,13321,6
10,17846,4
10,17258,5
10,20645,1
10,10268,2
10,20553,3
11,13321,4
11,17846,1
11,17258,3
11,20645,2
11,10268,5
11,20553,6
12,13321,2
12,17846,1
12,17258,6
12,20645,3
12,10268,5
12,20553,4
13,13321,1
13,17846,2
13,17258,4
13,20645,6
13,10268,3
13,20553,5
14,13321,4
14,17846,3
14,17258,6
14,20645,5
14,10268,2
14,20553,1
15,13321,5
15,17846,3
15,17258,1
15,20645,6
15,10268,2
15,20553,4
16,13321,3
16,17846,6
16,17258,5
16,20645,4
16,10268,1
16,20553,2
17,13321,5
17,17846,2
17,17258,1
17,20645,4
17,10268,6
17,20553,3
18,13321,6
18,17846,1
18,17258,5
18,20645,2
18,10268,3
18,20553,4
19,13321,1
19,17846,3
19,17258,5
19,20645,4
19,10268,6
19,20553,2
20,13321,3
20,17846,5
20,17258,1
20,20645,6
20,10268,2
20,20553,4
21,13321,6
21,17846,1
21,17258,3
21,20645,5
21,10268,4
21,20553,2
22,13321,3
22,17846,6
22,17258,5
22,20645,4
22,10268,2
22,20553,1
23,13321,2
23,17846,1
23,17258,3
23,20645,6
23,10268,5
23,20553,4
24,13321,1
24,17846,4
24,17258,3
24,20645,5
24,10268,6
24,20553,2
25,13321,4
25,17846,3
25,17258,2
25,20645,5
25,10268,6
25,20553,1
26,13321,3
26,17846,6
26,17258,5
26,20645,4
26,10268,2
26,20553,1
27,13321,3
27,17846,6
27,17258,5
27,20645,4
27,10268,2
27,20553,1
28,13321,5
28,17846,3
28,17258,1
28,20645,2
28,10268,4
28,20553,6
29,13321,5
29,17846,1
29,17258,3
29,20645,4
29,10268,6
29,20553,2
30,13321,6
30,17846,1
30,17258,5
30,20645,4
30,10268,2
30,20553,3
31,13321,4
31,17846,6
31,17258,5
31,20645,3
31,10268,1
31,20553,2
32,13321,1
32,17846,4
32,17258,2
32,20645,6
32,10268,5
32,20553,3
33,13321,4
33,17846,1
33,17258,3
33,20645,2
33,10268,5
33,20553,6
34,13321,3
34,17846,6
34,17258,1
34,20645,5
34,10268,4
34,20553,2
35,13321,5
35,17846,3
35,17258,2
35,20645,6
35,10268,4
35,20553,1
36,13321,3
36,17846,6
36,17258,5
36,20645,4
36,10268,2
36,20553,1
37,13321,6
37,17846,1
37,17258,5
37,20645,4
37,10268,2
37,20553,3
38,13321,3
38,17846,6
38,17258,5
38,20645,4
38,10268,2
38,20553,1
39,13321,3
39,17846,5
39,17258,4
39,20645,2
39,10268,6
39,20553,1
40,13321,3
40,17846,6
40,17258,5
40,20645,4
40,10268,2
40,20553,1
41,13321,4
41,17846,3
41,17258,1
41,20645,6
41,10268,5
41,20553,2
42,13321,3
42,17846,6
42,17258,5
42,20645,4
42,10268,1
42,20553,2
43,13321,3
43,17846,6
43,17258,5
43,20645,4
43,10268,1
43,20553,2
44,13321,3
44,17846,6
44,17258,5
44,20645,4
44,10268,1
44,20553,2
45,13321,5
45,17846,2
45,17258,6
45,20645,3
45,10268,4
45,20553,1
46,13321,3
46,17846,2
46,17258,4
46,20645,5
46,10268,6
46,20553,1
47,13321,2
47,17846,1
47,17258,3
47,20645,4
47,10268,6
47,20553,5
48,13321,3
48,17846,6
48,17258,5
48,20645,4
48,10268,2
48,20553,1
49,13321,1
49,17846,2
49,17258,5
49,20645,6
49,10268,4
49,20553,3
50,13321,1
50,17846,3
50,17258,4
50,20645,2
50,10268,6
50,20553,5
51,13321,5
51,17846,6
51,17258,4
51,20645,2
51,10268,3
51,20553,1
52,13321,3
52,17846,6
52,17258,5
52,20645,4
52,10268,2
52,20553,1
53,13321,3
53,17846,6
53,17258,5
53,20645,4
53,10268,1
53,20553,2
54,13321,3
54,17846,1
54,17258,2
54,20645,6
54,10268,4
54,20553,5
55,13321,2
55,17846,6
55,17258,3
55,20645,1
55,10268,4
55,20553,5
56,13321,4
56,17846,1
56,17258,2
56,20645,5
56,10268,6
56,20553,3
57,13321,3
57,17846,1
57,17258,6
57,20645,5
57,10268,2
57,20553,4
58,13321,3
58,17846,6
58,17258,5
58,20645,4
58,10268,2
58,20553,1
59,13321,5
59,17846,6
59,17258,4
59,20645,2
59,10268,3
59,20553,1
60,13321,3
60,17846,6
60,17258,5
60,20645,4
60,10268,1
60,20553,2
61,13321,1
61,17846,3
61,17258,6
61,20645,5
61,10268,2
61,20553,4
62,13321,3
62,17846,6
62,17258,5
62,20645,4
62,10268,2
62,20553,1
63,13321,3
63,17846,6
63,17258,5
63,20645,4
63,10268,1
63,20553,2
64,13321,6
64,17846,3
64,17258,2
64,20645,5
64,10268,1
64,20553,4
65,13321,4
65,17846,5
65,17258,1
65,20645,3
65,10268,6
65,20553,2
66,13321,3
66,17846,5
66,17258,1
66,20645,6
66,10268,2
66,20553,4
67,13321,3
67,17846,6
67,17258,5
67,20645,4
67,10268,2
67,20553,1
68,13321,2
68,17846,4
68,17258,3
68,20645,6
68,10268,5
68,20553,1
69,13321,2
69,17846,4
69,17258,3
69,20645,1
69,10268,6
69,20553,5
70,13321,6
70,17846,2
70,17258,5
70,20645,1
70,10268,4
70,20553,3
71,13321,3
71,17846,6
71,17258,5
71,20645,4
71,10268,2
71,20553,1
72,13321,6
72,17846,1
72,17258,2
72,20645,3
72,10268,4
72,20553,5
73,13321,1
73,17846,2
73,17258,5
73,20645,3
73,10268,6
73,20553,4
74,13321,5
74,17846,2
74,17258,3
74,20645,1
74,10268,4
74,20553,6
75,13321,1
75,17846,2
75,17258,4
75,20645,3
75,10268,5
75,20553,6
76,13321,4
76,17846,3
76,17258,1
76,20645,2
76,10268,6
76,20553,5
77,13321,3
77,17846,6
77,17258,5
77,20645,4
77,10268,2
77,20553,1
78,13321,6
78,17846,3
78,17258,4
78,20645,5
78,10268,2
78,20553,1
79,13321,1
79,17846,2
79,17258,5
79,20645,3
79,10268,6
79,20553,4
80,13321,3
80,17846,6
80,17258,5
80,20645,4
80,10268,1
80,20553,2
81,13321,3
81,17846,6
81,17258,5
81,20645,4
81,10268,2
81,20553,1
82,13321,4
82,17846,6
82,17258,1
82,20645,2
82,10268,3
82,20553,5
83,13321,3
83,17846,6
83,17258,5
83,20645,4
83,10268,1
83,20553,2
84,13321,3
84,17846,2
84,17258,4
84,20645,5
84,10268,6
84,20553,1
85,13321,5
85,17846,6
85,17258,2
85,20645,1
85,10268,3
85,20553,4
86,13321,2
86,17846,1
86,17258,6
86,20645,3
86,10268,5
86,20553,4
87,13321,2
87,17846,1
87,17258,5
87,20645,3
87,10268,4
87,20553,6
88,13321,2
88,17846,4
88,17258,5
88,20645,3
88,10268,6
88,20553,1
89,13321,3
89,17846,6
89,17258,5
89,20645,4
89,10268,2
89,20553,1
90,13321,5
90,17846,3
90,17258,6
90,20645,4
90,10268,1
90,20553,2
91,13321,3
91,17846,6
91,17258,5
91,20645,4
91,10268,2
91,20553,1
92,13321,4
92,17846,3
92,17258,5
92,20645,6
92,10268,1
92,20553,2
93,13321,3
93,17846,4
93,17258,5
93,20645,1
93,10268,6
93,20553,2
94,13321,1
94,17846,2
94,17258,6
94,20645,4
94,10268,5
94,20553,3
95,13321,3
95,17846,6
95,17258,5
95,20645,4
95,10268,2
95,20553,1
96,13321,1
96,17846,5
96,17258,4
96,20645,2
96,10268,6
96,20553,3
97,13321,1
97,17846,6
97,17258,2
97,20645,5
97,10268,3
97,20553,4
98,13321,3
98,17846,6
98,17258,5
98,20645,4
98,10268,1
98,20553,2
99,13321,3
99,17846,5
99,17258,1
99,20645,2
99,10268,4
99,20553,6
100,13321,
100,17846,
100,17258,
100,20645,X
100,10268,
100,20553,
101,13321,3
101,17846,6
101,17258,5
101,20645,4
101,10268,2
101,20553,1
102,13321,3
102,17846,6
102,17258,5
102,20645,4
102,10268,2
102,20553,1
103,13321,2
103,17846,1
103,17258,6
103,20645,5
103,10268,4
103,20553,3
104,13321,3
104,17846,6
104,17258,5
104,20645,4
104,10268,2
104,20553,1
105,13321,6
105,17846,2
105,17258,1
105,20645,5
105,10268,4
105,20553,3
106,13321,6
106,17846,1
106,17258,4
106,20645,3
106,10268,5
106,20553,2
107,13321,4
107,17846,6
107,17258,2
107,20645,5
107,10268,3
107,20553,1
108,13321,3
108,17846,6
108,17258,5
108,20645,4
108,10268,2
108,20553,1
109,13321,4
109,17846,2
109,17258,1
109,20645,6
109,10268,3
109,20553,5
110,13321,3
110,17846,6
110,17258,5
110,20645,4
110,10268,1
110,20553,2
111,13321,3
111,17846,5
111,17258,6
111,20645,4
111,10268,1
111,20553,2
112,13321,4
112,17846,1
112,17258,3
112,20645,2
112,10268,5
112,20553,6
113,13321,3
113,17846,1
113,17258,4
113,20645,2
113,10268,6
113,20553,5
114,13321,3
114,17846,6
114,17258,5
114,20645,4
114,10268,2
114,20553,1
115,13321,2
115,17846,4
115,17258,1
115,20645,3
115,10268,5
115,20553,6
116,13321,3
116,17846,6
116,17258,5
116,20645,4
116,10268,1
116,20553,2
117,13321,5
117,17846,3
117,17258,6
117,20645,1
117,10268,2
117,20553,4
118,13321,5
118,17846,6
118,17258,1
118,20645,3
118,10268,4
118,20553,2
119,13321,1
119,17846,4
119,17258,5
119,20645,2
119,10268,3
119,20553,6
120,13321,4
120,17846,1
120,17258,5
120,20645,6
120,10268,3
120,20553,2
121,13321,4
121,17846,3
121,17258,1
121,20645,2
121,10268,6
121,20553,5
122,13321,2
122,17846,5
122,17258,6
122,20645,1
122,10268,4
122,20553,3
123,13321,3
123,17846,4
123,17258,2
123,20645,1
123,10268,5
123,20553,6
124,13321,2
124,17846,5
124,17258,1
124,20645,6
124,10268,4
124,20553,3
125,13321,5
125,17846,1
125,17258,2
125,20645,6
125,10268,4
125,20553,3
126,13321,5
126,17846,4
126,17258,1
126,20645,6
126,10268,3
126,20553,2
127,13321,3
127,17846,6
127,17258,5
127,20645,4
127,10268,1
127,20553,2
128,13321,3
128,17846,6
128,17258,5
128,20645,4
128,10268,2
128,20553,1
129,13321,1
129,17846,6
129,17258,5
129,20645,4
129,10268,2
129,20553,3
130,13321,4
130,17846,6
130,17258,5
130,20645,1
130,10268,2
130,20553,3
131,13321,2
131,17846,5
131,17258,4
131,20645,1
131,10268,3
131,20553,6
132,13321,3
132,17846,6
132,17258,5
132,20645,4
132,10268,2
132,20553,1
133,13321,2
133,17846,5
133,17258,1
133,20645,6
133,10268,4
133,20553,3
134,13321,6
134,17846,1
134,17258,3
134,20645,5
134,10268,4
134,20553,2
135,13321,3
135,17846,6
135,17258,5
135,20645,4
135,10268,1
135,20553,2
136,13321,1
136,17846,2
136,17258,4
136,20645,6
136,10268,3
136,20553,5
137,13321,2
137,17846,5
137,17258,4
137,20645,1
137,10268,3
137,20553,6
138,13321,2
138,17846,4
138,17258,6
138,20645,5
138,10268,1
138,20553,3
139,13321,2
139,17846,3
139,17258,4
139,20645,1
139,10268,5
139,20553,6
140,13321,3
140,17846,6
140,17258,5
140,20645,4
140,10268,2
140,20553,1
141,13321,3
141,17846,6
141,17258,5
141,20645,4
141,10268,1
141,20553,2
142,13321,3
142,17846,1
142,17258,2
142,20645,4
142,10268,5
142,20553,6
143,13321,3
143,17846,6
143,17258,5
143,20645,4
143,10268,1
143,20553,2
144,13321,3
144,17846,6
144,17258,5
144,20645,4
144,10268,1
144,20553,2
145,13321,3
145,17846,6
145,17258,5
145,20645,4
145,10268,1
145,20553,2
146,13321,6
146,17846,4
146,17258,5
146,20645,3
146,10268,1
146,20553,2
147,13321,6
147,17846,2
147,17258,1
147,20645,5
147,10268,4
147,20553,3
148,13321,2
148,17846,3
148,17258,1
148,20645,5
148,10268,6
148,20553,4
149,13321,4
149,17846,3
149,17258,6
149,20645,5
149,10268,2
149,20553,1
150,13321,4
150,17846,3
150,17258,1
150,20645,2
150,10268,6
150,20553,5
151,13321,1
151,17846,6
151,17258,2
151,20645,3
151,10268,4
151,20553,5
152,13321,6
152,17846,1
152,17258,2
152,20645,3
152,10268,4
152,20553,5
153,13321,4
153,17846,6
153,17258,2
153,20645,5
153,10268,3
153,20553,1
154,13321,3
154,17846,6
154,17258,5
154,20645,4
154,10268,1
154,20553,2
155,13321,3
155,17846,5
155,17258,4
155,20645,2
155,10268,6
155,20553,1
156,13321,2
156,17846,5
156,17258,1
156,20645,6
156,10268,4
156,20553,3
157,13321,4
157,17846,6
157,17258,2
157,20645,5
157,10268,3
157,20553,1
158,13321,5
158,17846,2
158,17258,1
158,20645,4
158,10268,6
158,20553,3
159,13321,1
159,17846,4
159,17258,2
159,20645,3
159,10268,6
159,20553,5
160,13321,3
160,17846,6
160,17258,5
160,20645,4
160,10268,1
160,20553,2
161,13321,4
161,17846,2
161,17258,1
161,20645,3
161,10268,5
161,20553,6
162,13321,5
162,17846,2
162,17258,3
162,20645,1
162,10268,4
162,20553,6
163,13321,4
163,17846,1
163,17258,5
163,20645,2
163,10268,6
163,20553,3
164,13321,3
164,17846,6
164,17258,5
164,20645,4
164,10268,1
164,20553,2
165,13321,3
165,17846,6
165,17258,5
165,20645,4
165,10268,2
165,20553,1
166,13321,3
166,17846,6
166,17258,5
166,20645,4
166,10268,2
166,20553,1
167,13321,3
167,17846,6
167,17258,5
167,20645,4
167,10268,2
167,20553,1
168,13321,5
168,17846,3
168,17258,6
168,20645,1
168,10268,2
168,20553,4
169,13321,2
169,17846,4
169,17258,6
169,20645,5
169,10268,1
169,20553,3
170,13321,2
170,17846,6
170,17258,4
170,20645,5
170,10268,3
170,20553,1
171,13321,3
171,17846,2
171,17258,5
171,20645,6
171,10268,1
171,20553,4
172,13321,3
172,17846,6
172,17258,5
172,20645,4
172,10268,1
172,20553,2
173,13321,6
173,17846,4
173,17258,1
173,20645,5
173,10268,2
173,20553,3
174,13321,3
174,17846,6
174,17258,5
174,20645,4
174,10268,2
174,20553,1
175,13321,5
175,17846,1
175,17258,4
175,20645,2
175,10268,3
175,20553,6
176,13321,3
176,17846,6
176,17258,5
176,20645,4
176,10268,2
176,20553,1
177,13321,1
177,17846,3
177,17258,2
177,20645,6
177,10268,4
177,20553,5
178,13321,5
178,17846,6
178,17258,3
178,20645,1
178,10268,4
178,20553,2
179,13321,3
179,17846,5
179,17258,6
179,20645,4
179,10268,1
179,20553,2
180,13321,4
180,17846,6
180,17258,5
180,20645,3
180,10268,1
180,20553,2
181,13321,2
181,17846,4
181,17258,6
181,20645,1
181,10268,3
181,20553,5
182,13321,3
182,17846,5
182,17258,2
182,20645,1
182,10268,6
182,20553,4
183,13321,3
183,17846,6
183,17258,5
183,20645,4
183,10268,2
183,20553,1
184,13321,1
184,17846,6
184,17258,4
184,20645,3
184,10268,5
184,20553,2
185,13321,3
185,17846,1
185,17258,6
185,20645,5
185,10268,2
185,20553,4
186,13321,3
186,17846,6
186,17258,5
186,20645,4
186,10268,2
186,20553,1
187,13321,3
187,17846,6
187,17258,5
187,20645,4
187,10268,1
187,20553,2
188,13321,3
188,17846,6
188,17258,5
188,20645,4
188,10268,1
188,20553,2
189,13321,4
189,17846,6
189,17258,1
189,20645,5
189,10268,2
189,20553,3
190,13321,3
190,17846,6
190,17258,5
190,20645,4
190,10268,1
190,20553,2
191,13321,6
191,17846,3
191,17258,4
191,20645,1
191,10268,5
191,20553,2
192,13321,4
192,17846,5
192,17258,1
192,20645,3
192,10268,6
192,20553,2
193,13321,3
193,17846,6
193,17258,5
193,20645,4
193,10268,1
193,20553,2
194,13321,2
194,17846,6
194,17258,4
194,20645,5
194,10268,3
194,20553,1
195,13321,1
195,17846,3
195,17258,5
195,20645,4
195,10268,6
195,20553,2
196,13321,5
196,17846,2
196,17258,4
196,20645,6
196,10268,3
196,20553,1
197,13321,3
197,17846,5
197,17258,6
197,20645,4
197,10268,1
197,20553,2
198,13321,6
198,17846,4
198,17258,2
198,20645,5
198,10268,3
198,20553,1
199,13321,3
199,17846,6
199,17258,5
199,20645,4
199,10268,1
199,20553,2
200,13321,7
200,17846,6
200,17258,5
200,20645,4
200,10268,2
200,20553,1
201,13321,4
201,17846,5
201,17258,2
201,20645,6
201,10268,1
201,20553,3
202,13321,3
202,17846,6
202,17258,5
202,20645,4
202,10268,2
202,20553,1
203,13321,3
203,17846,6
203,17258,5
203,20645,4
203,10268,1
203,20553,2
204,13321,2
204,17846,1
204,17258,5
204,20645,3
204,10268,4
204,20553,6
205,13321,3
205,17846,6
205,17258,4
205,20645,1
205,10268,2
205,20553,5
206,13321,5
206,17846,3
206,17258,1
206,20645,2
206,10268,4
206,20553,6
207,13321,3
207,17846,5
207,17258,6
207,20645,4
207,10268,1
207,20553,2
208,13321,4
208,17846,6
208,17258,5
208,20645,3
208,10268,1
208,20553,2
209,13321,3
209,17846,2
209,17258,5
209,20645,1
209,10268,4
209,20553,6
210,13321,3
210,17846,6
210,17258,5
210,20645,4
210,10268,2
210,20553,1
211,13321,5
211,17846,4
211,17258,3
211,20645,6
211,10268,1
211,20553,2
212,13321,3
212,17846,6
212,17258,5
212,20645,4
212,10268,1
212,20553,2
213,13321,4
213,17846,1
213,17258,5
213,20645,6
213,10268,3
213,20553,2
214,13321,4
214,17846,2
214,17258,1
214,20645,6
214,10268,3
214,20553,5
215,13321,5
215,17846,1
215,17258,6
215,20645,4
215,10268,3
215,20553,2
216,13321,2
216,17846,5
216,17258,1
216,20645,3
216,10268,6
216,20553,4
217,13321,6
217,17846,4
217,17258,5
217,20645,1
217,10268,2
217,20553,3
218,13321,4
218,17846,5
218,17258,2
218,20645,6
218,10268,1
218,20553,3
219,13321,1
219,17846,4
219,17258,2
219,20645,6
219,10268,5
219,20553,3
220,13321,2
220,17846,4
220,17258,6
220,20645,1
220,10268,3
220,20553,5
221,13321,3
221,17846,6
221,17258,5
221,20645,4
221,10268,2
221,20553,1
222,13321,3
222,17846,6
222,17258,5
222,20645,4
222,10268,2
222,20553,1
223,13321,4
223,17846,1
223,17258,2
223,20645,5
223,10268,6
223,20553,3
224,13321,6
224,17846,5
224,17258,1
224,20645,2
224,10268,4
224,20553,3
225,13321,3
225,17846,1
225,17258,6
225,20645,2
225,10268,4
225,20553,5
226,13321,3
226,17846,6
226,17258,5
226,20645,4
226,10268,2
226,20553,1
227,13321,3
227,17846,6
227,17258,5
227,20645,4
227,10268,2
227,20553,1
228,13321,3
228,17846,6
228,17258,5
228,20645,4
228,10268,2
228,20553,1
229,13321,3
229,17846,6
229,17258,5
229,20645,4
229,10268,1
229,20553,2
230,13321,4
230,17846,2
230,17258,6
230,20645,5
230,10268,1
230,20553,3
231,13321,2
231,17846,5
231,17258,6
231,20645,1
231,10268,4
231,20553,3
232,13321,3
232,17846,6
232,17258,5
232,20645,4
232,10268,2
232,20553,1
233,13321,4
233,17846,3
233,17258,6
233,20645,1
233,10268,5
233,20553,2
234,13321,3
234,17846,6
234,17258,5
234,20645,4
234,10268,2
234,20553,1
235,13321,3
235,17846,6
235,17258,5
235,20645,4
235,10268,2
235,20553,1
236,13321,2
236,17846,4
236,17258,6
236,20645,5
236,10268,1
236,20553,3
237,13321,3
237,17846,6
237,17258,4
237,20645,5
237,10268,1
237,20553,2
238,13321,3
238,17846,1
238,17258,6
238,20645,2
238,10268,4
238,20553,5
239,13321,5
239,17846,1
239,17258,3
239,20645,4
239,10268,6
239,20553,2
240,13321,4
240,17846,1
240,17258,5
240,20645,2
240,10268,6
240,20553,3
241,13321,3
241,17846,4
241,17258,6
241,20645,2
241,10268,5
241,20553,1
242,13321,5
242,17846,1
242,17258,4
242,20645,6
242,10268,2
242,20553,3
243,13321,3
243,17846,6
243,17258,5
243,20645,4
243,10268,2
243,20553,1
244,13321,2
244,17846,5
244,17258,1
244,20645,6
244,10268,4
244,20553,3
245,13321,6
245,17846,2
245,17258,4
245,20645,5
245,10268,1
245,20553,3
246,13321,3
246,17846,6
246,17258,5
246,20645,4
246,10268,1
246,20553,2
247,13321,3
247,17846,5
247,17258,6
247,20645,4
247,10268,1
247,20553,2
248,13321,2
248,17846,3
248,17258,1
248,20645,5
248,10268,6
248,20553,4
249,13321,3
249,17846,6
249,17258,5
249,20645,4
249,10268,2
249,20553,1
250,13321,4
250,17846,2
250,17258,6
250,20645,5
250,10268,1
250,20553,3
251,13321,5
251,17846,2
251,17258,1
251,20645,4
251,10268,6
251,20553,3
252,13321,3
252,17846,6
252,17258,5
252,20645,4
252,10268,1
252,20553,2
253,13321,4
253,17846,3
253,17258,5
253,20645,1
253,10268,2
253,20553,6
254,13321,3
254,17846,6
254,17258,5
254,20645,4
254,10268,2
254,20553,1
255,13321,4
255,17846,5
255,17258,3
255,20645,1
255,10268,6
255,20553,2
256,13321,3
256,17846,6
256,17258,5
256,20645,4
256,10268,1
256,20553,2
257,13321,2
257,17846,6
257,17258,5
257,20645,3
257,10268,4
257,20553,1
258,13321,4
258,17846,1
258,17258,5
258,20645,6
258,10268,3
258,20553,2
259,13321,1
259,17846,3
259,17258,5
259,20645,4
259,10268,6
259,20553,2
260,13321,3
260,17846,6
260,17258,5
260,20645,4
260,10268,1
260,20553,2
261,13321,3
261,17846,5
261,17258,4
261,20645,2
261,10268,6
261,20553,1
262,13321,4
262,17846,2
262,17258,3
262,20645,6
262,10268,5
262,20553,1
263,13321,5
263,17846,3
263,17258,1
263,20645,6
263,10268,2
263,20553,4
264,13321,3
264,17846,6
264,17258,5
264,20645,4
264,10268,2
264,20553,1
265,13321,3
265,17846,6
265,17258,5
265,20645,4
265,10268,1
265,20553,2
266,13321,3
266,17846,6
266,17258,5
266,20645,4
266,10268,1
266,20553,2
267,13321,3
267,17846,6
267,17258,5
267,20645,4
267,10268,2
267,20553,1
268,13321,3
268,17846,6
268,17258,5
268,20645,4
268,10268,2
268,20553,1
269,13321,3
269,17846,6
269,17258,1
269,20645,2
269,10268,5
269,20553,4
270,13321,3
270,17846,6
270,17258,5
270,20645,4
270,10268,1
270,20553,2
271,13321,3
271,17846,6
271,17258,5
271,20645,4
271,10268,1
271,20553,2
272,13321,2
272,17846,6
272,17258,3
272,20645,1
272,10268,4
272,20553,5
273,13321,3
273,17846,6
273,17258,5
273,20645,4
273,10268,2
273,20553,1
274,13321,2
274,17846,3
274,17258,4
274,20645,6
274,10268,1
274,20553,5
275,13321,3
275,17846,6
275,17258,5
275,20645,4
275,10268,2
275,20553,1
276,13321,4
276,17846,2
276,17258,6
276,20645,5
276,10268,1
276,20553,3
277,13321,5
277,17846,4
277,17258,1
277,20645,2
277,10268,6
277,20553,3
278,13321,6
278,17846,2
278,17258,1
278,20645,3
278,10268,5
278,20553,4
279,13321,4
279,17846,1
279,17258,5
279,20645,2
279,10268,6
279,20553,3
280,13321,3
280,17846,6
280,17258,5
280,20645,4
280,10268,2
280,20553,1
281,13321,3
281,17846,6
281,17258,5
281,20645,4
281,10268,1
281,20553,2
282,13321,5
282,17846,6
282,17258,4
282,20645,2
282,10268,3
282,20553,1
283,13321,3
283,17846,1
283,17258,6
283,20645,5
283,10268,2
283,20553,4
284,13321,3
284,17846,6
284,17258,5
284,20645,4
284,10268,1
284,20553,2
285,13321,3
285,17846,6
285,17258,5
285,20645,4
285,10268,2
285,20553,1
286,13321,6
286,17846,5
286,17258,1
286,20645,2
286,10268,4
286,20553,3
287,13321,5
287,17846,6
287,17258,3
287,20645,4
287,10268,2
287,20553,1
288,13321,3
288,17846,6
288,17258,5
288,20645,4
288,10268,2
288,20553,1
289,13321,3
289,17846,2
289,17258,5
289,20645,1
289,10268,4
289,20553,6
290,13321,6
290,17846,5
290,17258,1
290,20645,2
290,10268,4
290,20553,3
291,13321,6
291,17846,3
291,17258,2
291,20645,5
291,10268,1
291,20553,4
292,13321,6
292,17846,1
292,17258,2
292,20645,5
292,10268,3
292,20553,4
293,13321,5
293,17846,3
293,17258,4
293,20645,2
293,10268,6
293,20553,1
294,13321,3
294,17846,6
294,17258,5
294,20645,4
294,10268,2
294,20553,1
295,13321,3
295,17846,6
295,17258,5
295,20645,4
295,10268,2
295,20553,1
296,13321,6
296,17846,3
296,17258,5
296,20645,2
296,10268,4
296,20553,1
297,13321,5
297,17846,3
297,17258,6
297,20645,4
297,10268,1
297,20553,2
298,13321,3
298,17846,6
298,17258,5
298,20645,4
298,10268,2
298,20553,1
299,13321,4
299,17846,6
299,17258,1
299,20645,2
299,10268,3
299,20553,5
300,13321,Get
300,17846,rid
300,17258,of
300,20645,all
300,10268,the
300,20553,politicians
301,13321,3
301,17846,6
301,17258,5
301,20645,4
301,10268,1
301,20553,2
302,13321,3
302,17846,2
302,17258,6
302,20645,5
302,10268,4
302,20553,1
303,13321,3
303,17846,4
303,17258,2
303,20645,1
303,10268,5
303,20553,6
304,13321,3
304,17846,6
304,17258,5
304,20645,4
304,10268,1
304,20553,2
305,13321,1
305,17846,6
305,17258,2
305,20645,5
305,10268,3
305,20553,4
306,13321,3
306,17846,6
306,17258,5
306,20645,4
306,10268,2
306,20553,1
307,13321,3
307,17846,6
307,17258,5
307,20645,4
307,10268,2
307,20553,1
308,13321,3
308,17846,6
308,17258,5
308,20645,4
308,10268,1
308,20553,2
309,13321,2
309,17846,4
309,17258,1
309,20645,6
309,10268,3
309,20553,5
310,13321,3
310,17846,6
310,17258,5
310,20645,4
310,10268,1
310,20553,2
311,13321,3
311,17846,6
311,17258,5
311,20645,4
311,10268,2
311,20553,1
312,13321,1
312,17846,6
312,17258,2
312,20645,3
312,10268,4
312,20553,5
313,13321,3
313,17846,6
313,17258,5
313,20645,4
313,10268,2
313,20553,1
314,13321,3
314,17846,6
314,17258,5
314,20645,4
314,10268,1
314,20553,2
315,13321,4
315,17846,3
315,17258,6
315,20645,5
315,10268,2
315,20553,1
316,13321,3
316,17846,6
316,17258,5
316,20645,4
316,10268,1
316,20553,2
317,13321,4
317,17846,2
317,17258,3
317,20645,6
317,10268,5
317,20553,1
318,13321,4
318,17846,1
318,17258,6
318,20645,3
318,10268,5
318,20553,2
319,13321,3
319,17846,6
319,17258,5
319,20645,4
319,10268,2
319,20553,1
320,13321,2
320,17846,1
320,17258,5
320,20645,3
320,10268,4
320,20553,6
321,13321,3
321,17846,6
321,17258,5
321,20645,4
321,10268,1
321,20553,2
322,13321,6
322,17846,3
322,17258,1
322,20645,4
322,10268,5
322,20553,2
323,13321,1
323,17846,6
323,17258,3
323,20645,2
323,10268,5
323,20553,4
324,13321,4
324,17846,2
324,17258,5
324,20645,3
324,10268,6
324,20553,1
325,13321,4
325,17846,5
325,17258,2
325,20645,1
325,10268,3
325,20553,6
326,13321,3
326,17846,6
326,17258,5
326,20645,4
326,10268,1
326,20553,2
327,13321,5
327,17846,6
327,17258,1
327,20645,3
327,10268,4
327,20553,2
328,13321,3
328,17846,6
328,17258,5
328,20645,4
328,10268,2
328,20553,1
329,13321,3
329,17846,4
329,17258,5
329,20645,6
329,10268,2
329,20553,1
330,13321,3
330,17846,1
330,17258,4
330,20645,2
330,10268,6
330,20553,5
331,13321,6
331,17846,1
331,17258,4
331,20645,3
331,10268,5
331,20553,2
332,13321,3
332,17846,6
332,17258,5
332,20645,4
332,10268,2
332,20553,1
333,13321,3
333,17846,6
333,17258,5
333,20645,4
333,10268,1
333,20553,2
334,13321,3
334,17846,6
334,17258,5
334,20645,4
334,10268,1
334,20553,2
335,13321,3
335,17846,6
335,17258,5
335,20645,4
335,10268,1
335,20553,2
336,13321,1
336,17846,5
336,17258,6
336,20645,3
336,10268,4
336,20553,2
337,13321,3
337,17846,2
337,17258,5
337,20645,1
337,10268,4
337,20553,6
338,13321,3
338,17846,1
338,17258,5
338,20645,4
338,10268,6
338,20553,2
339,13321,3
339,17846,6
339,17258,5
339,20645,4
339,10268,1
339,20553,2
340,13321,6
340,17846,2
340,17258,4
340,20645,1
340,10268,3
340,20553,5
341,13321,2
341,17846,3
341,17258,1
341,20645,5
341,10268,6
341,20553,4
342,13321,2
342,17846,1
342,17258,5
342,20645,3
342,10268,4
342,20553,6
343,13321,2
343,17846,1
343,17258,6
343,20645,5
343,10268,4
343,20553,3
344,13321,4
344,17846,1
344,17258,5
344,20645,6
344,10268,3
344,20553,2
345,13321,5
345,17846,6
345,17258,2
345,20645,4
345,10268,1
345,20553,3
346,13321,5
346,17846,1
346,17258,6
346,20645,4
346,10268,3
346,20553,2
347,13321,3
347,17846,6
347,17258,5
347,20645,4
347,10268,2
347,20553,1
348,13321,4
348,17846,6
348,17258,2
348,20645,1
348,10268,5
348,20553,3
349,13321,3
349,17846,6
349,17258,5
349,20645,4
349,10268,1
349,20553,2
350,13321,4
350,17846,3
350,17258,1
350,20645,2
350,10268,6
350,20553,5
351,13321,6
351,17846,3
351,17258,2
351,20645,1
351,10268,4
351,20553,5
352,13321,3
352,17846,4
352,17258,5
352,20645,1
352,10268,6
352,20553,2
353,13321,5
353,17846,4
353,17258,3
353,20645,1
353,10268,2
353,20553,6
354,13321,1
354,17846,2
354,17258,3
354,20645,5
354,10268,6
354,20553,4
355,13321,3
355,17846,6
355,17258,5
355,20645,4
355,10268,2
355,20553,1
356,13321,3
356,17846,6
356,17258,5
356,20645,4
356,10268,2
356,20553,1
357,13321,3
357,17846,5
357,17258,4
357,20645,2
357,10268,6
357,20553,1
358,13321,3
358,17846,6
358,17258,5
358,20645,4
358,10268,2
358,20553,1
359,13321,3
359,17846,5
359,17258,6
359,20645,1
359,10268,2
359,20553,4
360,13321,3
360,17846,6
360,17258,5
360,20645,4
360,10268,1
360,20553,2
361,13321,4
361,17846,2
361,17258,1
361,20645,6
361,10268,3
361,20553,5
362,13321,3
362,17846,6
362,17258,5
362,20645,4
362,10268,2
362,20553,1
363,13321,5
363,17846,1
363,17258,2
363,20645,6
363,10268,4
363,20553,3
364,13321,1
364,17846,2
364,17258,6
364,20645,4
364,10268,5
364,20553,3
365,13321,1
365,17846,4
365,17258,2
365,20645,3
365,10268,6
365,20553,5
366,13321,3
366,17846,6
366,17258,2
366,20645,4
366,10268,5
366,20553,1
367,13321,3
367,17846,6
367,17258,5
367,20645,4
367,10268,2
367,20553,1
368,13321,3
368,17846,6
368,17258,5
368,20645,4
368,10268,1
368,20553,2
369,13321,3
369,17846,6
369,17258,5
369,20645,4
369,10268,2
369,20553,1
370,13321,3
370,17846,6
370,17258,5
370,20645,4
370,10268,2
370,20553,1
371,13321,3
371,17846,2
371,17258,1
371,20645,6
371,10268,5
371,20553,4
372,13321,3
372,17846,2
372,17258,6
372,20645,5
372,10268,4
372,20553,1
373,13321,3
373,17846,5
373,17258,6
373,20645,1
373,10268,2
373,20553,4
374,13321,3
374,17846,6
374,17258,5
374,20645,4
374,10268,1
374,20553,2
375,13321,4
375,17846,3
375,17258,1
375,20645,6
375,10268,5
375,20553,2
376,13321,4
376,17846,5
376,17258,3
376,20645,6
376,10268,2
376,20553,1
377,13321,6
377,17846,5
377,17258,3
377,20645,4
377,10268,1
377,20553,2
378,13321,3
378,17846,2
378,17258,6
378,20645,5
378,10268,4
378,20553,1
379,13321,6
379,17846,1
379,17258,4
379,20645,3
379,10268,5
379,20553,2
380,13321,3
380,17846,6
380,17258,5
380,20645,4
380,10268,2
380,20553,1
381,13321,4
381,17846,5
381,17258,2
381,20645,1
381,10268,3
381,20553,6
382,13321,3
382,17846,6
382,17258,5
382,20645,4
382,10268,1
382,20553,2
383,13321,6
383,17846,2
383,17258,4
383,20645,5
383,10268,1
383,20553,3
384,13321,3
384,17846,6
384,17258,5
384,20645,4
384,10268,2
384,20553,1
385,13321,6
385,17846,4
385,17258,2
385,20645,1
385,10268,5
385,20553,3
386,13321,3
386,17846,6
386,17258,5
386,20645,4
386,10268,2
386,20553,1
387,13321,5
387,17846,3
387,17258,1
387,20645,2
387,10268,4
387,20553,6
388,13321,6
388,17846,2
388,17258,4
388,20645,1
388,10268,3
388,20553,5
389,13321,3
389,17846,6
389,17258,5
389,20645,4
389,10268,1
389,20553,2
390,13321,3
390,17846,6
390,17258,5
390,20645,4
390,10268,1
390,20553,2
391,13321,4
391,17846,5
391,17258,1
391,20645,3
391,10268,6
391,20553,2
392,13321,3
392,17846,6
392,17258,5
392,20645,4
392,10268,1
392,20553,2
393,13321,3
393,17846,6
393,17258,5
393,20645,4
393,10268,1
393,20553,2
394,13321,5
394,17846,2
394,17258,1
394,20645,4
394,10268,6
394,20553,3
395,13321,1
395,17846,6
395,17258,5
395,20645,2
395,10268,3
395,20553,4
396,13321,3
396,17846,6
396,17258,5
396,20645,4
396,10268,2
396,20553,1
397,13321,6
397,17846,5
397,17258,4
397,20645,1
397,10268,3
397,20553,2
398,13321,5
398,17846,6
398,17258,1
398,20645,3
398,10268,4
398,20553,2
399,13321,2
399,17846,5
399,17258,1
399,20645,3
399,10268,6
399,20553,4
400,13321,
400,17846,
400,17258,
400,20645,
400,10268,
400,20553,
401,13321,5
401,17846,1
401,17258,3
401,20645,4
401,10268,6
401,20553,2
402,13321,3
402,17846,6
402,17258,5
402,20645,4
402,10268,1
402,20553,2
403,13321,2
403,17846,6
403,17258,5
403,20645,3
403,10268,4
403,20553,1
404,13321,6
404,17846,4
404,17258,5
404,20645,1
404,10268,2
404,20553,3
405,13321,2
405,17846,6
405,17258,4
405,20645,5
405,10268,3
405,20553,1
406,13321,5
406,17846,2
406,17258,6
406,20645,3
406,10268,4
406,20553,1
407,13321,5
407,17846,6
407,17258,3
407,20645,4
407,10268,2
407,20553,1
408,13321,5
408,17846,6
408,17258,3
408,20645,1
408,10268,4
408,20553,2
409,13321,3
409,17846,6
409,17258,5
409,20645,4
409,10268,2
409,20553,1
410,13321,3
410,17846,6
410,17258,5
410,20645,4
410,10268,1
410,20553,2
411,13321,1
411,17846,3
411,17258,2
411,20645,6
411,10268,4
411,20553,5
412,13321,5
412,17846,6
412,17258,1
412,20645,3
412,10268,4
412,20553,2
413,13321,5
413,17846,3
413,17258,1
413,20645,6
413,10268,2
413,20553,4
414,13321,3
414,17846,6
414,17258,5
414,20645,4
414,10268,2
414,20553,1
415,13321,2
415,17846,1
415,17258,6
415,20645,5
415,10268,4
415,20553,3
416,13321,5
416,17846,6
416,17258,3
416,20645,4
416,10268,2
416,20553,1
417,13321,5
417,17846,3
417,17258,1
417,20645,6
417,10268,2
417,20553,4
418,13321,3
418,17846,6
418,17258,5
418,20645,4
418,10268,1
418,20553,2
419,13321,3
419,17846,4
419,17258,6
419,20645,2
419,10268,5
419,20553,1
420,13321,4
420,17846,1
420,17258,5
420,20645,2
420,10268,6
420,20553,3
421,13321,5
421,17846,1
421,17258,6
421,20645,4
421,10268,3
421,20553,2
422,13321,5
422,17846,6
422,17258,4
422,20645,2
422,10268,3
422,20553,1
423,13321,6
423,17846,1
423,17258,3
423,20645,2
423,10268,5
423,20553,4
424,13321,4
424,17846,3
424,17258,6
424,20645,5
424,10268,2
424,20553,1
425,13321,5
425,17846,6
425,17258,3
425,20645,4
425,10268,2
425,20553,1
426,13321,3
426,17846,6
426,17258,5
426,20645,4
426,10268,2
426,20553,1
427,13321,5
427,17846,2
427,17258,4
427,20645,1
427,10268,6
427,20553,3
428,13321,3
428,17846,6
428,17258,5
428,20645,4
428,10268,1
428,20553,2
429,13321,3
429,17846,6
429,17258,5
429,20645,4
429,10268,2
429,20553,1
430,13321,3
430,17846,4
430,17258,2
430,20645,1
430,10268,5
430,20553,6
431,13321,6
431,17846,4
431,17258,5
431,20645,1
431,10268,2
431,20553,3
432,13321,6
432,17846,2
432,17258,5
432,20645,4
432,10268,3
432,20553,1
433,13321,2
433,17846,4
433,17258,5
433,20645,3
433,10268,6
433,20553,1
434,13321,3
434,17846,6
434,17258,5
434,20645,4
434,10268,1
434,20553,2
435,13321,4
435,17846,6
435,17258,2
435,20645,1
435,10268,5
435,20553,3
436,13321,5
436,17846,2
436,17258,4
436,20645,1
436,10268,6
436,20553,3
437,13321,3
437,17846,6
437,17258,5
437,20645,4
437,10268,2
437,20553,1
438,13321,2
438,17846,3
438,17258,5
438,20645,6
438,10268,4
438,20553,1
439,13321,6
439,17846,5
439,17258,3
439,20645,4
439,10268,1
439,20553,2
440,13321,2
440,17846,3
440,17258,6
440,20645,4
440,10268,5
440,20553,1
441,13321,2
441,17846,5
441,17258,4
441,20645,6
441,10268,1
441,20553,3
442,13321,3
442,17846,5
442,17258,1
442,20645,6
442,10268,2
442,20553,4
443,13321,6
443,17846,2
443,17258,5
443,20645,4
443,10268,3
443,20553,1
444,13321,3
444,17846,6
444,17258,5
444,20645,4
444,10268,2
444,20553,1
445,13321,5
445,17846,2
445,17258,3
445,20645,6
445,10268,1
445,20553,4
446,13321,2
446,17846,1
446,17258,3
446,20645,6
446,10268,5
446,20553,4
447,13321,3
447,17846,4
447,17258,6
447,20645,2
447,10268,5
447,20553,1
448,13321,3
448,17846,6
448,17258,5
448,20645,4
448,10268,2
448,20553,1
449,13321,5
449,17846,6
449,17258,3
449,20645,4
449,10268,2
449,20553,1
450,13321,2
450,17846,4
450,17258,1
450,20645,3
450,10268,5
450,20553,6
451,13321,2
451,17846,4
451,17258,1
451,20645,6
451,10268,3
451,20553,5
452,13321,5
452,17846,1
452,17258,4
452,20645,2
452,10268,3
452,20553,6
453,13321,5
453,17846,4
453,17258,1
453,20645,6
453,10268,3
453,20553,2
454,13321,3
454,17846,5
454,17258,4
454,20645,2
454,10268,6
454,20553,1
455,13321,3
455,17846,6
455,17258,5
455,20645,4
455,10268,2
455,20553,1
456,13321,1
456,17846,5
456,17258,2
456,20645,4
456,10268,6
456,20553,3
457,13321,6
457,17846,5
457,17258,4
457,20645,1
457,10268,3
457,20553,2
458,13321,3
458,17846,1
458,17258,6
458,20645,2
458,10268,4
458,20553,5
459,13321,3
459,17846,6
459,17258,5
459,20645,4
459,10268,2
459,20553,1
460,13321,3
460,17846,5
460,17258,6
460,20645,4
460,10268,1
460,20553,2
461,13321,4
461,17846,1
461,17258,5
461,20645,2
461,10268,6
461,20553,3
462,13321,3
462,17846,6
462,17258,1
462,20645,2
462,10268,5
462,20553,4
463,13321,3
463,17846,6
463,17258,5
463,20645,4
463,10268,2
463,20553,1
464,13321,3
464,17846,6
464,17258,4
464,20645,1
464,10268,2
464,20553,5
465,13321,2
465,17846,3
465,17258,4
465,20645,6
465,10268,1
465,20553,5
466,13321,3
466,17846,6
466,17258,5
466,20645,4
466,10268,2
466,20553,1
467,13321,2
467,17846,1
467,17258,3
467,20645,6
467,10268,5
467,20553,4
468,13321,3
468,17846,6
468,17258,5
468,20645,4
468,10268,1
468,20553,2
469,13321,3
469,17846,5
469,17258,1
469,20645,6
469,10268,2
469,20553,4
470,13321,3
470,17846,6
470,17258,5
470,20645,4
470,10268,1
470,20553,2
471,13321,1
471,17846,3
471,17258,2
471,20645,4
471,10268,5
471,20553,6
472,13321,3
472,17846,6
472,17258,5
472,20645,4
472,10268,1
472,20553,2
473,13321,1
473,17846,5
473,17258,3
473,20645,2
473,10268,4
473,20553,6
474,13321,4
474,17846,5
474,17258,3
474,20645,6
474,10268,2
474,20553,1
475,13321,3
475,17846,6
475,17258,4
475,20645,5
475,10268,1
475,20553,2
476,13321,6
476,17846,4
476,17258,5
476,20645,1
476,10268,2
476,20553,3
477,13321,3
477,17846,6
477,17258,5
477,20645,4
477,10268,1
477,20553,2
478,13321,5
478,17846,3
478,17258,1
478,20645,6
478,10268,2
478,20553,4
479,13321,3
479,17846,6
479,17258,5
479,20645,4
479,10268,1
479,20553,2
480,13321,4
480,17846,2
480,17258,1
480,20645,3
480,10268,5
480,20553,6
481,13321,1
481,17846,6
481,17258,5
481,20645,4
481,10268,2
481,20553,3
482,13321,4
482,17846,5
482,17258,1
482,20645,3
482,10268,6
482,20553,2
483,13321,3
483,17846,6
483,17258,5
483,20645,4
483,10268,2
483,20553,1
484,13321,5
484,17846,4
484,17258,6
484,20645,3
484,10268,2
484,20553,1
485,13321,5
485,17846,4
485,17258,3
485,20645,1
485,10268,2
485,20553,6
486,13321,5
486,17846,4
486,17258,2
486,20645,3
486,10268,6
486,20553,1
487,13321,3
487,17846,6
487,17258,5
487,20645,4
487,10268,1
487,20553,2
488,13321,3
488,17846,6
488,17258,5
488,20645,4
488,10268,1
488,20553,2
489,13321,2
489,17846,5
489,17258,3
489,20645,4
489,10268,6
489,20553,1
490,13321,2
490,17846,1
490,17258,6
490,20645,3
490,10268,5
490,20553,4
491,13321,6
491,17846,5
491,17258,3
491,20645,4
491,10268,1
491,20553,2
492,13321,3
492,17846,4
492,17258,5
492,20645,1
492,10268,6
492,20553,2
493,13321,4
493,17846,5
493,17258,3
493,20645,1
493,10268,6
493,20553,2
494,13321,3
494,17846,6
494,17258,5
494,20645,4
494,10268,1
494,20553,2
495,13321,4
495,17846,5
495,17258,3
495,20645,6
495,10268,2
495,20553,1
496,13321,3
496,17846,6
496,17258,5
496,20645,4
496,10268,2
496,20553,1
497,13321,2
497,17846,3
497,17258,1
497,20645,5
497,10268,6
497,20553,4
498,13321,3
498,17846,2
498,17258,6
498,20645,5
498,10268,4
498,20553,1
499,13321,3
499,17846,6
499,17258,5
499,20645,4
499,10268,2
499,20553,1
500,13321,
500,17846,
500,17258,
500,20645,
500,10268,
500,20553,
501,13321,4
501,17846,3
501,17258,5
501,20645,1
501,10268,2
501,20553,6
502,13321,5
502,17846,3
502,17258,2
502,20645,1
502,10268,6
502,20553,4
503,13321,3
503,17846,6
503,17258,5
503,20645,4
503,10268,1
503,20553,2
504,13321,4
504,17846,1
504,17258,2
504,20645,5
504,10268,6
504,20553,3
505,13321,3
505,17846,6
505,17258,1
505,20645,2
505,10268,5
505,20553,4
506,13321,4
506,17846,1
506,17258,6
506,20645,3
506,10268,5
506,20553,2
507,13321,2
507,17846,6
507,17258,5
507,20645,3
507,10268,4
507,20553,1
508,13321,3
508,17846,1
508,17258,6
508,20645,5
508,10268,2
508,20553,4
509,13321,2
509,17846,1
509,17258,6
509,20645,5
509,10268,4
509,20553,3
510,13321,3
510,17846,6
510,17258,5
510,20645,4
510,10268,2
510,20553,1
511,13321,5
511,17846,2
511,17258,6
511,20645,3
511,10268,4
511,20553,1
512,13321,6
512,17846,3
512,17258,2
512,20645,1
512,10268,4
512,20553,5
513,13321,6
513,17846,4
513,17258,3
513,20645,2
513,10268,5
513,20553,1
514,13321,6
514,17846,4
514,17258,5
514,20645,3
514,10268,1
514,20553,2
515,13321,2
515,17846,6
515,17258,4
515,20645,1
515,10268,5
515,20553,3
516,13321,3
516,17846,6
516,17258,5
516,20645,4
516,10268,1
516,20553,2
517,13321,3
517,17846,6
517,17258,5
517,20645,4
517,10268,2
517,20553,1
518,13321,6
518,17846,1
518,17258,3
518,20645,5
518,10268,4
518,20553,2
519,13321,6
519,17846,2
519,17258,4
519,20645,1
519,10268,3
519,20553,5
520,13321,5
520,17846,2
520,17258,3
520,20645,6
520,10268,1
520,20553,4
521,13321,5
521,17846,6
521,17258,3
521,20645,4
521,10268,2
521,20553,1
522,13321,3
522,17846,6
522,17258,5
522,20645,4
522,10268,2
522,20553,1
523,13321,3
523,17846,6
523,17258,5
523,20645,4
523,10268,1
523,20553,2
524,13321,3
524,17846,6
524,17258,5
524,20645,4
524,10268,1
524,20553,2
525,13321,4
525,17846,3
525,17258,5
525,20645,1
525,10268,2
525,20553,6
526,13321,1
526,17846,4
526,17258,2
526,20645,3
526,10268,6
526,20553,5
527,13321,5
527,17846,6
527,17258,4
527,20645,2
527,10268,3
527,20553,1
528,13321,6
528,17846,4
528,17258,2
528,20645,5
528,10268,3
528,20553,1
529,13321,5
529,17846,6
529,17258,3
529,20645,4
529,10268,2
529,20553,1
530,13321,6
530,17846,4
530,17258,5
530,20645,3
530,10268,1
530,20553,2
531,13321,3
531,17846,6
531,17258,5
531,20645,4
531,10268,2
531,20553,1
532,13321,5
532,17846,3
532,17258,2
532,20645,1
532,10268,6
532,20553,4
533,13321,3
533,17846,6
533,17258,5
533,20645,4
533,10268,1
533,20553,2
534,13321,1
534,17846,2
534,17258,5
534,20645,6
534,10268,4
534,20553,3
535,13321,1
535,17846,3
535,17258,4
535,20645,6
535,10268,5
535,20553,2
536,13321,3
536,17846,6
536,17258,5
536,20645,4
536,10268,1
536,20553,2
537,13321,1
537,17846,6
537,17258,5
537,20645,2
537,10268,3
537,20553,4
538,13321,2
538,17846,3
538,17258,4
538,20645,1
538,10268,5
538,20553,6
539,13321,3
539,17846,2
539,17258,4
539,20645,5
539,10268,6
539,20553,1
540,13321,3
540,17846,4
540,17258,5
540,20645,6
540,10268,2
540,20553,1
541,13321,3
541,17846,6
541,17258,5
541,20645,4
541,10268,1
541,20553,2
542,13321,5
542,17846,1
542,17258,6
542,20645,2
542,10268,4
542,20553,3
543,13321,3
543,17846,6
543,17258,5
543,20645,4
543,10268,2
543,20553,1
544,13321,3
544,17846,6
544,17258,4
544,20645,1
544,10268,2
544,20553,5
545,13321,5
545,17846,4
545,17258,1
545,20645,6
545,10268,3
545,20553,2
546,13321,4
546,17846,1
546,17258,2
546,20645,5
546,10268,6
546,20553,3
547,13321,6
547,17846,3
547,17258,2
547,20645,5
547,10268,1
547,20553,4
548,13321,3
548,17846,6
548,17258,5
548,20645,4
548,10268,2
548,20553,1
549,13321,3
549,17846,4
549,17258,1
549,20645,5
549,10268,6
549,20553,2
550,13321,3
550,17846,5
550,17258,2
550,20645,6
550,10268,4
550,20553,1
551,13321,6
551,17846,2
551,17258,5
551,20645,1
551,10268,4
551,20553,3
552,13321,3
552,17846,5
552,17258,4
552,20645,2
552,10268,6
552,20553,1
553,13321,1
553,17846,6
553,17258,2
553,20645,3
553,10268,4
553,20553,5
554,13321,3
554,17846,6
554,17258,5
554,20645,4
554,10268,2
554,20553,1
555,13321,3
555,17846,6
555,17258,5
555,20645,4
555,10268,2
555,20553,1
556,13321,3
556,17846,6
556,17258,5
556,20645,4
556,10268,1
556,20553,2
557,13321,3
557,17846,6
557,17258,1
557,20645,2
557,10268,5
557,20553,4
558,13321,2
558,17846,4
558,17258,6
558,20645,1
558,10268,3
558,20553,5
559,13321,3
559,17846,5
559,17258,2
559,20645,6
559,10268,4
559,20553,1
560,13321,4
560,17846,2
560,17258,1
560,20645,6
560,10268,3
560,20553,5
561,13321,4
561,17846,2
561,17258,3
561,20645,1
561,10268,6
561,20553,5
562,13321,5
562,17846,6
562,17258,3
562,20645,4
562,10268,2
562,20553,1
563,13321,3
563,17846,5
563,17258,2
563,20645,1
563,10268,6
563,20553,4
564,13321,6
564,17846,5
564,17258,3
564,20645,1
564,10268,2
564,20553,4
565,13321,3
565,17846,2
565,17258,4
565,20645,5
565,10268,6
565,20553,1
566,13321,1
566,17846,4
566,17258,6
566,20645,2
566,10268,5
566,20553,3
567,13321,3
567,17846,6
567,17258,5
567,20645,4
567,10268,1
567,20553,2
568,13321,5
568,17846,1
568,17258,6
568,20645,4
568,10268,3
568,20553,2
569,13321,1
569,17846,6
569,17258,5
569,20645,4
569,10268,2
569,20553,3
570,13321,3
570,17846,6
570,17258,5
570,20645,4
570,10268,2
570,20553,1
571,13321,3
571,17846,6
571,17258,5
571,20645,4
571,10268,2
571,20553,1
572,13321,6
572,17846,3
572,17258,2
572,20645,1
572,10268,4
572,20553,5
573,13321,2
573,17846,4
573,17258,6
573,20645,5
573,10268,1
573,20553,3
574,13321,2
574,17846,1
574,17258,4
574,20645,5
574,10268,6
574,20553,3
575,13321,1
575,17846,4
575,17258,5
575,20645,2
575,10268,3
575,20553,6
576,13321,3
576,17846,6
576,17258,5
576,20645,4
576,10268,1
576,20553,2
577,13321,3
577,17846,6
577,17258,5
577,20645,4
577,10268,1
577,20553,2
578,13321,2
578,17846,1
578,17258,5
578,20645,3
578,10268,4
578,20553,6
579,13321,1
579,17846,6
579,17258,4
579,20645,3
579,10268,5
579,20553,2
580,13321,3
580,17846,6
580,17258,5
580,20645,4
580,10268,2
580,20553,1
581,13321,3
581,17846,6
581,17258,5
581,20645,4
581,10268,2
581,20553,1
582,13321,4
582,17846,5
582,17258,2
582,20645,6
582,10268,1
582,20553,3
583,13321,3
583,17846,6
583,17258,5
583,20645,4
583,10268,1
583,20553,2
584,13321,3
584,17846,1
584,17258,5
584,20645,4
584,10268,6
584,20553,2
585,13321,2
585,17846,3
585,17258,4
585,20645,6
585,10268,1
585,20553,5
586,13321,3
586,17846,6
586,17258,5
586,20645,4
586,10268,1
586,20553,2
587,13321,3
587,17846,2
587,17258,6
587,20645,1
587,10268,5
587,20553,4
588,13321,3
588,17846,6
588,17258,5
588,20645,4
588,10268,2
588,20553,1
589,13321,3
589,17846,6
589,17258,5
589,20645,4
589,10268,1
589,20553,2
590,13321,3
590,17846,6
590,17258,5
590,20645,4
590,10268,2
590,20553,1
591,13321,4
591,17846,6
591,17258,2
591,20645,5
591,10268,3
591,20553,1
592,13321,3
592,17846,6
592,17258,5
592,20645,4
592,10268,1
592,20553,2
593,13321,3
593,17846,6
593,17258,5
593,20645,4
593,10268,1
593,20553,2
594,13321,3
594,17846,6
594,17258,5
594,20645,1
594,10268,4
594,20553,2
595,13321,6
595,17846,4
595,17258,3
595,20645,2
595,10268,5
595,20553,1
596,13321,2
596,17846,3
596,17258,5
596,20645,6
596,10268,4
596,20553,1
597,13321,3
597,17846,6
597,17258,5
597,20645,4
597,10268,2
597,20553,1
598,13321,3
598,17846,6
598,17258,5
598,20645,4
598,10268,2
598,20553,1
599,13321,3
599,17846,6
599,17258,5
599,20645,4
599,10268,1
599,20553,2
600,13321,
600,17846,
600,17258,
600,20645,
600,10268,1
600,20553,
601,13321,6
601,17846,1
601,17258,4
601,20645,3
601,10268,5
601,20553,2
602,13321,3
602,17846,6
602,17258,5
602,20645,4
602,10268,2
602,20553,1
603,13321,5
603,17846,6
603,17258,3
603,20645,4
603,10268,2
603,20553,1
604,13321,6
604,17846,3
604,17258,2
604,20645,1
604,10268,4
604,20553,5
605,13321,5
605,17846,6
605,17258,2
605,20645,4
605,10268,1
605,20553,3
606,13321,3
606,17846,6
606,17258,5
606,20645,4
606,10268,2
606,20553,1
607,13321,3
607,17846,6
607,17258,5
607,20645,4
607,10268,1
607,20553,2
608,13321,1
608,17846,2
608,17258,4
608,20645,6
608,10268,3
608,20553,5
609,13321,3
609,17846,6
609,17258,5
609,20645,4
609,10268,2
609,20553,1
610,13321,5
610,17846,6
610,17258,3
610,20645,1
610,10268,4
610,20553,2
611,13321,3
611,17846,4
611,17258,2
611,20645,6
611,10268,1
611,20553,5
612,13321,3
612,17846,6
612,17258,5
612,20645,4
612,10268,1
612,20553,2
613,13321,3
613,17846,6
613,17258,5
613,20645,4
613,10268,1
613,20553,2
614,13321,1
614,17846,4
614,17258,2
614,20645,6
614,10268,5
614,20553,3
615,13321,5
615,17846,3
615,17258,4
615,20645,2
615,10268,6
615,20553,1
616,13321,6
616,17846,2
616,17258,3
616,20645,4
616,10268,5
616,20553,1
617,13321,6
617,17846,3
617,17258,2
617,20645,1
617,10268,4
617,20553,5
618,13321,3
618,17846,6
618,17258,5
618,20645,4
618,10268,2
618,20553,1
619,13321,3
619,17846,6
619,17258,5
619,20645,4
619,10268,2
619,20553,1
620,13321,4
620,17846,2
620,17258,6
620,20645,5
620,10268,1
620,20553,3
621,13321,3
621,17846,6
621,17258,5
621,20645,4
621,10268,1
621,20553,2
622,13321,4
622,17846,6
622,17258,5
622,20645,1
622,10268,2
622,20553,3
623,13321,3
623,17846,6
623,17258,5
623,20645,4
623,10268,2
623,20553,1
624,13321,3
624,17846,6
624,17258,5
624,20645,4
624,10268,2
624,20553,1
625,13321,4
625,17846,6
625,17258,1
625,20645,2
625,10268,3
625,20553,5
626,13321,3
626,17846,6
626,17258,5
626,20645,4
626,10268,2
626,20553,1
627,13321,5
627,17846,1
627,17258,2
627,20645,3
627,10268,6
627,20553,4
628,13321,3
628,17846,6
628,17258,5
628,20645,4
628,10268,1
628,20553,2
629,13321,3
629,17846,6
629,17258,5
629,20645,4
629,10268,1
629,20553,2
630,13321,5
630,17846,2
630,17258,4
630,20645,1
630,10268,6
630,20553,3
631,13321,3
631,17846,6
631,17258,5
631,20645,4
631,10268,2
631,20553,1
632,13321,3
632,17846,5
632,17258,6
632,20645,4
632,10268,1
632,20553,2
633,13321,3
633,17846,4
633,17258,2
633,20645,6
633,10268,1
633,20553,5
634,13321,6
634,17846,1
634,17258,5
634,20645,2
634,10268,3
634,20553,4
635,13321,5
635,17846,1
635,17258,6
635,20645,4
635,10268,3
635,20553,2
636,13321,3
636,17846,6
636,17258,5
636,20645,4
636,10268,1
636,20553,2
637,13321,3
637,17846,6
637,17258,5
637,20645,4
637,10268,1
637,20553,2
638,13321,3
638,17846,6
638,17258,5
638,20645,4
638,10268,2
638,20553,1
639,13321,2
639,17846,4
639,17258,1
639,20645,3
639,10268,5
639,20553,6
640,13321,2
640,17846,5
640,17258,6
640,20645,4
640,10268,3
640,20553,1
641,13321,2
641,17846,4
641,17258,6
641,20645,5
641,10268,1
641,20553,3
642,13321,1
642,17846,5
642,17258,2
642,20645,4
642,10268,6
642,20553,3
643,13321,4
643,17846,2
643,17258,6
643,20645,5
643,10268,1
643,20553,3
644,13321,4
644,17846,3
644,17258,1
644,20645,2
644,10268,6
644,20553,5
645,13321,3
645,17846,6
645,17258,5
645,20645,4
645,10268,1
645,20553,2
646,13321,6
646,17846,4
646,17258,2
646,20645,5
646,10268,3
646,20553,1
647,13321,6
647,17846,3
647,17258,2
647,20645,1
647,10268,4
647,20553,5
648,13321,3
648,17846,6
648,17258,5
648,20645,4
648,10268,1
648,20553,2
649,13321,3
649,17846,2
649,17258,5
649,20645,1
649,10268,4
649,20553,6
650,13321,3
650,17846,6
650,17258,5
650,20645,4
650,10268,2
650,20553,1
651,13321,2
651,17846,4
651,17258,1
651,20645,3
651,10268,5
651,20553,6
652,13321,2
652,17846,5
652,17258,6
652,20645,1
652,10268,4
652,20553,3
653,13321,5
653,17846,4
653,17258,6
653,20645,3
653,10268,2
653,20553,1
654,13321,5
654,17846,1
654,17258,6
654,20645,4
654,10268,3
654,20553,2
655,13321,4
655,17846,6
655,17258,2
655,20645,1
655,10268,5
655,20553,3
656,13321,2
656,17846,5
656,17258,6
656,20645,1
656,10268,4
656,20553,3
657,13321,4
657,17846,3
657,17258,6
657,20645,1
657,10268,5
657,20553,2
658,13321,3
658,17846,5
658,17258,1
658,20645,2
658,10268,4
658,20553,6
659,13321,3
659,17846,6
659,17258,5
659,20645,4
659,10268,2
659,20553,1
660,13321,3
660,17846,5
660,17258,1
660,20645,2
660,10268,4
660,20553,6
661,13321,3
661,17846,6
661,17258,5
661,20645,4
661,10268,2
661,20553,1
662,13321,3
662,17846,6
662,17258,5
662,20645,4
662,10268,1
662,20553,2
663,13321,3
663,17846,6
663,17258,5
663,20645,4
663,10268,2
663,20553,1
664,13321,6
664,17846,1
664,17258,4
664,20645,3
664,10268,5
664,20553,2
665,13321,3
665,17846,6
665,17258,5
665,20645,4
665,10268,2
665,20553,1
666,13321,3
666,17846,1
666,17258,2
666,20645,4
666,10268,5
666,20553,6
667,13321,3
667,17846,6
667,17258,5
667,20645,4
667,10268,2
667,20553,1
668,13321,3
668,17846,6
668,17258,5
668,20645,4
668,10268,1
668,20553,2
669,13321,4
669,17846,6
669,17258,2
669,20645,1
669,10268,5
669,20553,3
670,13321,2
670,17846,6
670,17258,3
670,20645,5
670,10268,1
670,20553,4
671,13321,6
671,17846,3
671,17258,4
671,20645,5
671,10268,2
671,20553,1
672,13321,3
672,17846,6
672,17258,5
672,20645,4
672,10268,2
672,20553,1
673,13321,3
673,17846,4
673,17258,6
673,20645,2
673,10268,5
673,20553,1
674,13321,6
674,17846,1
674,17258,2
674,20645,5
674,10268,3
674,20553,4
675,13321,6
675,17846,1
675,17258,2
675,20645,5
675,10268,3
675,20553,4
676,13321,1
676,17846,3
676,17258,2
676,20645,6
676,10268,4
676,20553,5
677,13321,1
677,17846,4
677,17258,5
677,20645,2
677,10268,3
677,20553,6
678,13321,3
678,17846,6
678,17258,5
678,20645,4
678,10268,1
678,20553,2
679,13321,3
679,17846,6
679,17258,5
679,20645,4
679,10268,2
679,20553,1
680,13321,6
680,17846,2
680,17258,4
680,20645,5
680,10268,1
680,20553,3
681,13321,2
681,17846,1
681,17258,6
681,20645,5
681,10268,4
681,20553,3
682,13321,3
682,17846,6
682,17258,4
682,20645,1
682,10268,2
682,20553,5
683,13321,3
683,17846,6
683,17258,5
683,20645,4
683,10268,1
683,20553,2
684,13321,3
684,17846,6
684,17258,5
684,20645,4
684,10268,1
684,20553,2
685,13321,4
685,17846,6
685,17258,1
685,20645,5
685,10268,2
685,20553,3
686,13321,5
686,17846,6
686,17258,4
686,20645,2
686,10268,3
686,20553,1
687,13321,4
687,17846,5
687,17258,1
687,20645,3
687,10268,6
687,20553,2
688,13321,3
688,17846,6
688,17258,5
688,20645,4
688,10268,2
688,20553,1
689,13321,4
689,17846,5
689,17258,1
689,20645,3
689,10268,6
689,20553,2
690,13321,3
690,17846,6
690,17258,5
690,20645,4
690,10268,1
690,20553,2
691,13321,3
691,17846,6
691,17258,5
691,20645,4
691,10268,2
691,20553,1
692,13321,5
692,17846,6
692,17258,4
692,20645,2
692,10268,3
692,20553,1
693,13321,1
693,17846,3
693,17258,6
693,20645,5
693,10268,2
693,20553,4
694,13321,3
694,17846,6
694,17258,5
694,20645,4
694,10268,1
694,20553,2
695,13321,2
695,17846,3
695,17258,6
695,20645,4
695,10268,5
695,20553,1
696,13321,6
696,17846,2
696,17258,1
696,20645,3
696,10268,5
696,20553,4
697,13321,4
697,17846,3
697,17258,6
697,20645,5
697,10268,2
697,20553,1
698,13321,3
698,17846,6
698,17258,5
698,20645,4
698,10268,2
698,20553,1
699,13321,3
699,17846,6
699,17258,5
699,20645,4
699,10268,1
699,20553,2
700,13321,1
700,17846,1
700,17258,1
700,20645,1
700,10268,1
700,20553,1
701,13321,3
701,17846,2
701,17258,5
701,20645,6
701,10268,1
701,20553,4
702,13321,3
702,17846,6
702,17258,5
702,20645,4
702,10268,1
702,20553,2
703,13321,2
703,17846,4
703,17258,1
703,20645,6
703,10268,3
703,20553,5
704,13321,4
704,17846,3
704,17258,1
704,20645,2
704,10268,6
704,20553,5
705,13321,3
705,17846,6
705,17258,5
705,20645,4
705,10268,1
705,20553,2
706,13321,3
706,17846,6
706,17258,5
706,20645,4
706,10268,1
706,20553,2
707,13321,3
707,17846,6
707,17258,5
707,20645,4
707,10268,1
707,20553,2
708,13321,3
708,17846,6
708,17258,5
708,20645,4
708,10268,1
708,20553,2
709,13321,5
709,17846,4
709,17258,3
709,20645,6
709,10268,1
709,20553,2
710,13321,2
710,17846,4
710,17258,5
710,20645,3
710,10268,6
710,20553,1
711,13321,4
711,17846,5
711,17258,6
711,20645,2
711,10268,3
711,20553,1
712,13321,3
712,17846,5
712,17258,4
712,20645,2
712,10268,6
712,20553,1
713,13321,3
713,17846,6
713,17258,5
713,20645,4
713,10268,2
713,20553,1
714,13321,5
714,17846,1
714,17258,6
714,20645,4
714,10268,3
714,20553,2
715,13321,4
715,17846,3
715,17258,6
715,20645,1
715,10268,5
715,20553,2
716,13321,4
716,17846,6
716,17258,3
716,20645,2
716,10268,5
716,20553,1
717,13321,4
717,17846,5
717,17258,2
717,20645,1
717,10268,3
717,20553,6
718,13321,4
718,17846,2
718,17258,1
718,20645,6
718,10268,3
718,20553,5
719,13321,6
719,17846,5
719,17258,1
719,20645,2
719,10268,4
719,20553,3
720,13321,1
720,17846,5
720,17258,2
720,20645,4
720,10268,6
720,20553,3
721,13321,2
721,17846,5
721,17258,1
721,20645,3
721,10268,6
721,20553,4
722,13321,4
722,17846,5
722,17258,1
722,20645,3
722,10268,6
722,20553,2
723,13321,4
723,17846,6
723,17258,5
723,20645,1
723,10268,2
723,20553,3
724,13321,2
724,17846,4
724,17258,3
724,20645,1
724,10268,6
724,20553,5
725,13321,4
725,17846,5
725,17258,2
725,20645,6
725,10268,1
725,20553,3
726,13321,2
726,17846,6
726,17258,3
726,20645,5
726,10268,1
726,20553,4
727,13321,1
727,17846,5
727,17258,4
727,20645,2
727,10268,6
727,20553,3
728,13321,3
728,17846,6
728,17258,5
728,20645,4
728,10268,2
728,20553,1
729,13321,3
729,17846,6
729,17258,5
729,20645,4
729,10268,2
729,20553,1
730,13321,3
730,17846,6
730,17258,5
730,20645,4
730,10268,1
730,20553,2
731,13321,3
731,17846,6
731,17258,5
731,20645,4
731,10268,2
731,20553,1
732,13321,4
732,17846,6
732,17258,5
732,20645,1
732,10268,2
732,20553,3
733,13321,2
733,17846,1
733,17258,3
733,20645,6
733,10268,5
733,20553,4
734,13321,5
734,17846,2
734,17258,3
734,20645,1
734,10268,4
734,20553,6
735,13321,1
735,17846,4
735,17258,6
735,20645,5
735,10268,3
735,20553,2
736,13321,3
736,17846,6
736,17258,5
736,20645,4
736,10268,1
736,20553,2
737,13321,5
737,17846,6
737,17258,4
737,20645,2
737,10268,3
737,20553,1
738,13321,3
738,17846,6
738,17258,5
738,20645,4
738,10268,1
738,20553,2
739,13321,3
739,17846,2
739,17258,6
739,20645,5
739,10268,4
739,20553,1
740,13321,1
740,17846,4
740,17258,2
740,20645,3
740,10268,6
740,20553,5
741,13321,3
741,17846,6
741,17258,5
741,20645,4
741,10268,1
741,20553,2
742,13321,3
742,17846,6
742,17258,5
742,20645,4
742,10268,1
742,20553,2
743,13321,5
743,17846,1
743,17258,2
743,20645,3
743,10268,6
743,20553,4
744,13321,4
744,17846,6
744,17258,2
744,20645,5
744,10268,3
744,20553,1
745,13321,6
745,17846,5
745,17258,1
745,20645,4
745,10268,3
745,20553,2
746,13321,3
746,17846,6
746,17258,5
746,20645,4
746,10268,2
746,20553,1
747,13321,4
747,17846,3
747,17258,6
747,20645,1
747,10268,5
747,20553,2
748,13321,3
748,17846,6
748,17258,5
748,20645,4
748,10268,2
748,20553,1
749,13321,6
749,17846,4
749,17258,3
749,20645,2
749,10268,5
749,20553,1
750,13321,2
750,17846,4
750,17258,3
750,20645,6
750,10268,5
750,20553,1
751,13321,3
751,17846,5
751,17258,6
751,20645,4
751,10268,1
751,20553,2
752,13321,3
752,17846,6
752,17258,5
752,20645,4
752,10268,2
752,20553,1
753,13321,5
753,17846,3
753,17258,1
753,20645,6
753,10268,2
753,20553,4
754,13321,6
754,17846,4
754,17258,5
754,20645,1
754,10268,2
754,20553,3
755,13321,5
755,17846,2
755,17258,1
755,20645,4
755,10268,6
755,20553,3
756,13321,5
756,17846,3
756,17258,4
756,20645,2
756,10268,6
756,20553,1
757,13321,3
757,17846,1
757,17258,2
757,20645,6
757,10268,4
757,20553,5
758,13321,2
758,17846,3
758,17258,1
758,20645,5
758,10268,6
758,20553,4
759,13321,3
759,17846,6
759,17258,5
759,20645,4
759,10268,1
759,20553,2
760,13321,4
760,17846,5
760,17258,2
760,20645,6
760,10268,1
760,20553,3
761,13321,3
761,17846,6
761,17258,5
761,20645,4
761,10268,2
761,20553,1
762,13321,1
762,17846,3
762,17258,4
762,20645,6
762,10268,5
762,20553,2
763,13321,4
763,17846,6
763,17258,5
763,20645,3
763,10268,1
763,20553,2
764,13321,2
764,17846,5
764,17258,4
764,20645,6
764,10268,1
764,20553,3
765,13321,5
765,17846,2
765,17258,4
765,20645,6
765,10268,3
765,20553,1
766,13321,3
766,17846,6
766,17258,5
766,20645,4
766,10268,2
766,20553,1
767,13321,3
767,17846,1
767,17258,2
767,20645,4
767,10268,5
767,20553,6
768,13321,3
768,17846,6
768,17258,5
768,20645,4
768,10268,2
768,20553,1
769,13321,3
769,17846,2
769,17258,4
769,20645,5
769,10268,6
769,20553,1
770,13321,4
770,17846,6
770,17258,2
770,20645,1
770,10268,5
770,20553,3
771,13321,3
771,17846,6
771,17258,5
771,20645,4
771,10268,2
771,20553,1
772,13321,5
772,17846,1
772,17258,4
772,20645,6
772,10268,2
772,20553,3
773,13321,3
773,17846,5
773,17258,1
773,20645,6
773,10268,2
773,20553,4
774,13321,4
774,17846,5
774,17258,2
774,20645,6
774,10268,1
774,20553,3
775,13321,3
775,17846,6
775,17258,2
775,20645,4
775,10268,5
775,20553,1
776,13321,5
776,17846,2
776,17258,4
776,20645,1
776,10268,6
776,20553,3
777,13321,5
777,17846,1
777,17258,6
777,20645,2
777,10268,4
777,20553,3
778,13321,3
778,17846,2
778,17258,6
778,20645,1
778,10268,5
778,20553,4
779,13321,3
779,17846,2
779,17258,5
779,20645,6
779,10268,1
779,20553,4
780,13321,4
780,17846,3
780,17258,5
780,20645,1
780,10268,2
780,20553,6
781,13321,1
781,17846,5
781,17258,4
781,20645,6
781,10268,3
781,20553,2
782,13321,5
782,17846,1
782,17258,6
782,20645,2
782,10268,4
782,20553,3
783,13321,3
783,17846,6
783,17258,5
783,20645,4
783,10268,1
783,20553,2
784,13321,5
784,17846,1
784,17258,2
784,20645,3
784,10268,6
784,20553,4
785,13321,3
785,17846,6
785,17258,5
785,20645,4
785,10268,2
785,20553,1
786,13321,1
786,17846,2
786,17258,4
786,20645,3
786,10268,5
786,20553,6
787,13321,3
787,17846,5
787,17258,6
787,20645,4
787,10268,1
787,20553,2
788,13321,3
788,17846,5
788,17258,1
788,20645,2
788,10268,4
788,20553,6
789,13321,2
789,17846,1
789,17258,5
789,20645,3
789,10268,4
789,20553,6
790,13321,3
790,17846,6
790,17258,5
790,20645,4
790,10268,2
790,20553,1
791,13321,6
791,17846,3
791,17258,4
791,20645,1
791,10268,5
791,20553,2
792,13321,3
792,17846,6
792,17258,5
792,20645,1
792,10268,4
792,20553,2
793,13321,6
793,17846,2
793,17258,1
793,20645,3
793,10268,5
793,20553,4
794,13321,1
794,17846,5
794,17258,6
794,20645,3
794,10268,4
794,20553,2
795,13321,3
795,17846,6
795,17258,5
795,20645,4
795,10268,2
795,20553,1
796,13321,2
796,17846,4
796,17258,3
796,20645,1
796,10268,6
796,20553,5
797,13321,6
797,17846,2
797,17258,4
797,20645,5
797,10268,1
797,20553,3
798,13321,3
798,17846,6
798,17258,5
798,20645,4
798,10268,2
798,20553,1
799,13321,3
799,17846,6
799,17258,5
799,20645,4
799,10268,2
799,20553,1
800,13321,iii
800,17846,iv
800,17258,vi
800,20645,ii
800,10268,v
800,20553,i
801,13321,3
801,17846,6
801,17258,5
801,20645,4
801,10268,1
801,20553,2
802,13321,4
802,17846,3
802,17258,5
802,20645,6
802,10268,1
802,20553,2
803,13321,1
803,17846,5
803,17258,3
803,20645,2
803,10268,4
803,20553,6
804,13321,3
804,17846,6
804,17258,5
804,20645,4
804,10268,1
804,20553,2
805,13321,3
805,17846,6
805,17258,5
805,20645,4
805,10268,2
805,20553,1
806,13321,2
806,17846,6
806,17258,4
806,20645,5
806,10268,3
806,20553,1
807,13321,2
807,17846,3
807,17258,4
807,20645,6
807,10268,1
807,20553,5
808,13321,1
808,17846,6
808,17258,5
808,20645,4
808,10268,2
808,20553,3
809,13321,3
809,17846,1
809,17258,6
809,20645,5
809,10268,2
809,20553,4
810,13321,3
810,17846,6
810,17258,5
810,20645,4
810,10268,1
810,20553,2
811,13321,3
811,17846,2
811,17258,1
811,20645,6
811,10268,5
811,20553,4
812,13321,5
812,17846,1
812,17258,2
812,20645,6
812,10268,4
812,20553,3
813,13321,5
813,17846,6
813,17258,2
813,20645,1
813,10268,3
813,20553,4
814,13321,3
814,17846,6
814,17258,5
814,20645,4
814,10268,2
814,20553,1
815,13321,4
815,17846,5
815,17258,3
815,20645,1
815,10268,6
815,20553,2
816,13321,3
816,17846,2
816,17258,6
816,20645,1
816,10268,5
816,20553,4
817,13321,3
817,17846,4
817,17258,5
817,20645,6
817,10268,2
817,20553,1
818,13321,3
818,17846,4
818,17258,5
818,20645,6
818,10268,2
818,20553,1
819,13321,4
819,17846,3
819,17258,5
819,20645,6
819,10268,1
819,20553,2
820,13321,3
820,17846,6
820,17258,5
820,20645,4
820,10268,2
820,20553,1
821,13321,3
821,17846,6
821,17258,5
821,20645,4
821,10268,1
821,20553,2
822,13321,2
822,17846,1
822,17258,5
822,20645,6
822,10268,3
822,20553,4
823,13321,3
823,17846,6
823,17258,5
823,20645,4
823,10268,2
823,20553,1
824,13321,3
824,17846,2
824,17258,6
824,20645,1
824,10268,5
824,20553,4
825,13321,3
825,17846,6
825,17258,2
825,20645,4
825,10268,5
825,20553,1
826,13321,3
826,17846,6
826,17258,5
826,20645,4
826,10268,1
826,20553,2
827,13321,3
827,17846,1
827,17258,4
827,20645,2
827,10268,6
827,20553,5
828,13321,3
828,17846,5
828,17258,6
828,20645,4
828,10268,1
828,20553,2
829,13321,2
829,17846,6
829,17258,5
829,20645,3
829,10268,4
829,20553,1
830,13321,3
830,17846,1
830,17258,6
830,20645,5
830,10268,2
830,20553,4
831,13321,2
831,17846,6
831,17258,4
831,20645,5
831,10268,3
831,20553,1
832,13321,3
832,17846,6
832,17258,5
832,20645,4
832,10268,2
832,20553,1
833,13321,4
833,17846,5
833,17258,2
833,20645,1
833,10268,3
833,20553,6
834,13321,3
834,17846,6
834,17258,5
834,20645,4
834,10268,2
834,20553,1
835,13321,5
835,17846,3
835,17258,6
835,20645,4
835,10268,1
835,20553,2
836,13321,4
836,17846,3
836,17258,1
836,20645,2
836,10268,6
836,20553,5
837,13321,5
837,17846,4
837,17258,1
837,20645,6
837,10268,3
837,20553,2
838,13321,3
838,17846,6
838,17258,5
838,20645,4
838,10268,1
838,20553,2
839,13321,3
839,17846,6
839,17258,5
839,20645,4
839,10268,1
839,20553,2
840,13321,2
840,17846,5
840,17258,6
840,20645,1
840,10268,4
840,20553,3
841,13321,3
841,17846,6
841,17258,5
841,20645,4
841,10268,1
841,20553,2
842,13321,1
842,17846,2
842,17258,4
842,20645,6
842,10268,3
842,20553,5
843,13321,3
843,17846,6
843,17258,5
843,20645,4
843,10268,2
843,20553,1
844,13321,6
844,17846,3
844,17258,4
844,20645,5
844,10268,2
844,20553,1
845,13321,3
845,17846,6
845,17258,5
845,20645,4
845,10268,2
845,20553,1
846,13321,3
846,17846,6
846,17258,5
846,20645,4
846,10268,2
846,20553,1
847,13321,3
847,17846,6
847,17258,5
847,20645,4
847,10268,1
847,20553,2
848,13321,1
848,17846,3
848,17258,2
848,20645,6
848,10268,4
848,20553,5
849,13321,3
849,17846,6
849,17258,5
849,20645,4
849,10268,2
849,20553,1
850,13321,3
850,17846,4
850,17258,2
850,20645,1
850,10268,5
850,20553,6
851,13321,5
851,17846,3
851,17258,2
851,20645,6
851,10268,4
851,20553,1
852,13321,3
852,17846,6
852,17258,5
852,20645,4
852,10268,1
852,20553,2
853,13321,3
853,17846,6
853,17258,5
853,20645,4
853,10268,2
853,20553,1
854,13321,2
854,17846,6
854,17258,3
854,20645,5
854,10268,1
854,20553,4
855,13321,3
855,17846,4
855,17258,1
855,20645,5
855,10268,6
855,20553,2
856,13321,5
856,17846,4
856,17258,6
856,20645,3
856,10268,2
856,20553,1
857,13321,2
857,17846,6
857,17258,4
857,20645,5
857,10268,3
857,20553,1
858,13321,3
858,17846,6
858,17258,5
858,20645,4
858,10268,1
858,20553,2
859,13321,1
859,17846,4
859,17258,5
859,20645,6
859,10268,2
859,20553,3
860,13321,3
860,17846,5
860,17258,1
860,20645,6
860,10268,2
860,20553,4
861,13321,3
861,17846,6
861,17258,5
861,20645,4
861,10268,2
861,20553,1
862,13321,5
862,17846,3
862,17258,4
862,20645,2
862,10268,6
862,20553,1
863,13321,5
863,17846,1
863,17258,4
863,20645,6
863,10268,2
863,20553,3
864,13321,5
864,17846,1
864,17258,3
864,20645,4
864,10268,6
864,20553,2
865,13321,5
865,17846,6
865,17258,2
865,20645,1
865,10268,3
865,20553,4
866,13321,5
866,17846,4
866,17258,3
866,20645,6
866,10268,1
866,20553,2
867,13321,3
867,17846,6
867,17258,4
867,20645,5
867,10268,1
867,20553,2
868,13321,3
868,17846,5
868,17258,6
868,20645,1
868,10268,2
868,20553,4
869,13321,2
869,17846,4
869,17258,5
869,20645,3
869,10268,6
869,20553,1
870,13321,3
870,17846,6
870,17258,5
870,20645,4
870,10268,2
870,20553,1
871,13321,5
871,17846,1
871,17258,4
871,20645,2
871,10268,3
871,20553,6
872,13321,3
872,17846,5
872,17258,4
872,20645,2
872,10268,6
872,20553,1
873,13321,5
873,17846,1
873,17258,4
873,20645,2
873,10268,3
873,20553,6
874,13321,3
874,17846,6
874,17258,5
874,20645,4
874,10268,2
874,20553,1
875,13321,6
875,17846,3
875,17258,2
875,20645,1
875,10268,4
875,20553,5
876,13321,5
876,17846,2
876,17258,3
876,20645,6
876,10268,1
876,20553,4
877,13321,3
877,17846,6
877,17258,5
877,20645,4
877,10268,2
877,20553,1
878,13321,3
878,17846,4
878,17258,2
878,20645,1
878,10268,5
878,20553,6
879,13321,3
879,17846,4
879,17258,2
879,20645,6
879,10268,1
879,20553,5
880,13321,5
880,17846,1
880,17258,6
880,20645,2
880,10268,4
880,20553,3
881,13321,3
881,17846,6
881,17258,5
881,20645,4
881,10268,2
881,20553,1
882,13321,5
882,17846,4
882,17258,3
882,20645,1
882,10268,2
882,20553,6
883,13321,3
883,17846,5
883,17258,4
883,20645,2
883,10268,6
883,20553,1
884,13321,2
884,17846,6
884,17258,1
884,20645,4
884,10268,5
884,20553,3
885,13321,2
885,17846,1
885,17258,3
885,20645,6
885,10268,5
885,20553,4
886,13321,3
886,17846,5
886,17258,1
886,20645,6
886,10268,2
886,20553,4
887,13321,5
887,17846,4
887,17258,6
887,20645,1
887,10268,3
887,20553,2
888,13321,2
888,17846,3
888,17258,5
888,20645,1
888,10268,6
888,20553,4
889,13321,3
889,17846,1
889,17258,5
889,20645,4
889,10268,6
889,20553,2
890,13321,2
890,17846,6
890,17258,1
890,20645,4
890,10268,5
890,20553,3
891,13321,1
891,17846,2
891,17258,4
891,20645,3
891,10268,5
891,20553,6
892,13321,3
892,17846,6
892,17258,4
892,20645,5
892,10268,1
892,20553,2
893,13321,3
893,17846,1
893,17258,6
893,20645,2
893,10268,4
893,20553,5
894,13321,6
894,17846,4
894,17258,5
894,20645,1
894,10268,2
894,20553,3
895,13321,5
895,17846,1
895,17258,6
895,20645,4
895,10268,3
895,20553,2
896,13321,3
896,17846,6
896,17258,5
896,20645,4
896,10268,2
896,20553,1
897,13321,3
897,17846,1
897,17258,6
897,20645,5
897,10268,2
897,20553,4
898,13321,5
898,17846,4
898,17258,2
898,20645,3
898,10268,6
898,20553,1
899,13321,3
899,17846,6
899,17258,5
899,20645,4
899,10268,1
899,20553,2
900,13321,X
900,17846,X
900,17258,X
900,20645,X
900,10268,X
900,20553,X
901,13321,3
901,17846,6
901,17258,5
901,20645,4
901,10268,2
901,20553,1
902,13321,6
902,17846,3
902,17258,1
902,20645,4
902,10268,5
902,20553,2
903,13321,3
903,17846,5
903,17258,2
903,20645,6
903,10268,4
903,20553,1
904,13321,5
904,17846,3
904,17258,2
904,20645,6
904,10268,4
904,20553,1
905,13321,3
905,17846,6
905,17258,5
905,20645,4
905,10268,2
905,20553,1
906,13321,1
906,17846,5
906,17258,2
906,20645,4
906,10268,6
906,20553,3
907,13321,2
907,17846,4
907,17258,6
907,20645,5
907,10268,1
907,20553,3
908,13321,4
908,17846,2
908,17258,1
908,20645,6
908,10268,3
908,20553,5
909,13321,3
909,17846,5
909,17258,1
909,20645,6
909,10268,2
909,20553,4
910,13321,1
910,17846,4
910,17258,3
910,20645,5
910,10268,6
910,20553,2
911,13321,4
911,17846,3
911,17258,1
911,20645,6
911,10268,5
911,20553,2
912,13321,3
912,17846,6
912,17258,5
912,20645,4
912,10268,2
912,20553,1
913,13321,3
913,17846,6
913,17258,5
913,20645,1
913,10268,4
913,20553,2
914,13321,3
914,17846,6
914,17258,5
914,20645,4
914,10268,1
914,20553,2
915,13321,2
915,17846,5
915,17258,3
915,20645,4
915,10268,6
915,20553,1
916,13321,2
916,17846,4
916,17258,3
916,20645,6
916,10268,5
916,20553,1
917,13321,3
917,17846,6
917,17258,5
917,20645,4
917,10268,1
917,20553,2
918,13321,5
918,17846,1
918,17258,6
918,20645,4
918,10268,3
918,20553,2
919,13321,3
919,17846,6
919,17258,5
919,20645,4
919,10268,1
919,20553,2
920,13321,3
920,17846,6
920,17258,5
920,20645,4
920,10268,1
920,20553,2
921,13321,3
921,17846,6
921,17258,5
921,20645,4
921,10268,1
921,20553,2
922,13321,5
922,17846,3
922,17258,2
922,20645,6
922,10268,4
922,20553,1
923,13321,4
923,17846,6
923,17258,2
923,20645,5
923,10268,3
923,20553,1
924,13321,5
924,17846,4
924,17258,3
924,20645,1
924,10268,2
924,20553,6
925,13321,6
925,17846,2
925,17258,5
925,20645,1
925,10268,4
925,20553,3
926,13321,1
926,17846,3
926,17258,4
926,20645,2
926,10268,6
926,20553,5
927,13321,2
927,17846,4
927,17258,3
927,20645,1
927,10268,6
927,20553,5
928,13321,2
928,17846,3
928,17258,4
928,20645,1
928,10268,5
928,20553,6
929,13321,6
929,17846,1
929,17258,2
929,20645,5
929,10268,3
929,20553,4
930,13321,3
930,17846,6
930,17258,5
930,20645,4
930,10268,2
930,20553,1
931,13321,6
931,17846,4
931,17258,5
931,20645,3
931,10268,1
931,20553,2
932,13321,4
932,17846,2
932,17258,6
932,20645,1
932,10268,3
932,20553,5
933,13321,4
933,17846,6
933,17258,2
933,20645,1
933,10268,5
933,20553,3
934,13321,3
934,17846,6
934,17258,2
934,20645,4
934,10268,5
934,20553,1
935,13321,3
935,17846,6
935,17258,5
935,20645,4
935,10268,2
935,20553,1
936,13321,4
936,17846,1
936,17258,5
936,20645,6
936,10268,3
936,20553,2
937,13321,4
937,17846,2
937,17258,1
937,20645,3
937,10268,5
937,20553,6
938,13321,3
938,17846,6
938,17258,5
938,20645,4
938,10268,1
938,20553,2
939,13321,3
939,17846,5
939,17258,1
939,20645,6
939,10268,2
939,20553,4
940,13321,5
940,17846,1
940,17258,6
940,20645,2
940,10268,4
940,20553,3
941,13321,3
941,17846,6
941,17258,5
941,20645,4
941,10268,1
941,20553,2
942,13321,3
942,17846,6
942,17258,5
942,20645,4
942,10268,2
942,20553,1
943,13321,1
943,17846,6
943,17258,3
943,20645,2
943,10268,5
943,20553,4
944,13321,3
944,17846,6
944,17258,5
944,20645,4
944,10268,1
944,20553,2
945,13321,2
945,17846,6
945,17258,4
945,20645,1
945,10268,5
945,20553,3
946,13321,4
946,17846,6
946,17258,2
946,20645,1
946,10268,5
946,20553,3
947,13321,3
947,17846,6
947,17258,5
947,20645,4
947,10268,2
947,20553,1
948,13321,3
948,17846,5
948,17258,6
948,20645,4
948,10268,1
948,20553,2
949,13321,5
949,17846,2
949,17258,3
949,20645,6
949,10268,1
949,20553,4
950,13321,3
950,17846,6
950,17258,5
950,20645,4
950,10268,1
950,20553,2
951,13321,3
951,17846,6
951,17258,5
951,20645,4
951,10268,2
951,20553,1
952,13321,3
952,17846,1
952,17258,6
952,20645,5
952,10268,2
952,20553,4
953,13321,3
953,17846,6
953,17258,5
953,20645,4
953,10268,1
953,20553,2
954,13321,2
954,17846,5
954,17258,6
954,20645,1
954,10268,4
954,20553,3
955,13321,3
955,17846,6
955,17258,5
955,20645,4
955,10268,2
955,20553,1
956,13321,2
956,17846,4
956,17258,3
956,20645,1
956,10268,6
956,20553,5
957,13321,1
957,17846,3
957,17258,4
957,20645,6
957,10268,5
957,20553,2
958,13321,3
958,17846,6
958,17258,5
958,20645,4
958,10268,2
958,20553,1
959,13321,4
959,17846,2
959,17258,3
959,20645,6
959,10268,5
959,20553,1
960,13321,3
960,17846,6
960,17258,5
960,20645,4
960,10268,1
960,20553,2
961,13321,3
961,17846,6
961,17258,5
961,20645,4
961,10268,1
961,20553,2
962,13321,3
962,17846,6
962,17258,5
962,20645,4
962,10268,1
962,20553,2
963,13321,2
963,17846,1
963,17258,4
963,20645,5
963,10268,6
963,20553,3
964,13321,5
964,17846,3
964,17258,6
964,20645,4
964,10268,1
964,20553,2
965,13321,5
965,17846,1
965,17258,2
965,20645,6
965,10268,4
965,20553,3
966,13321,3
966,17846,4
966,17258,5
966,20645,6
966,10268,2
966,20553,1
967,13321,3
967,17846,4
967,17258,2
967,20645,6
967,10268,1
967,20553,5
968,13321,2
968,17846,1
968,17258,4
968,20645,5
968,10268,6
968,20553,3
969,13321,2
969,17846,3
969,17258,5
969,20645,1
969,10268,6
969,20553,4
970,13321,5
970,17846,1
970,17258,4
970,20645,6
970,10268,2
970,20553,3
971,13321,6
971,17846,1
971,17258,2
971,20645,3
971,10268,4
971,20553,5
972,13321,5
972,17846,3
972,17258,6
972,20645,1
972,10268,2
972,20553,4
973,13321,2
973,17846,5
973,17258,1
973,20645,3
973,10268,6
973,20553,4
974,13321,4
974,17846,1
974,17258,5
974,20645,6
974,10268,3
974,20553,2
975,13321,3
975,17846,6
975,17258,5
975,20645,4
975,10268,2
975,20553,1
976,13321,3
976,17846,6
976,17258,5
976,20645,4
976,10268,1
976,20553,2
977,13321,5
977,17846,1
977,17258,3
977,20645,4
977,10268,6
977,20553,2
978,13321,3
978,17846,6
978,17258,5
978,20645,4
978,10268,1
978,20553,2
979,13321,3
979,17846,6
979,17258,5
979,20645,4
979,10268,2
979,20553,1
980,13321,3
980,17846,1
980,17258,4
980,20645,2
980,10268,6
980,20553,5
981,13321,2
981,17846,1
981,17258,6
981,20645,3
981,10268,5
981,20553,4
982,13321,3
982,17846,6
982,17258,5
982,20645,4
982,10268,2
982,20553,1
983,13321,3
983,17846,6
983,17258,5
983,20645,4
983,10268,1
983,20553,2
984,13321,5
984,17846,3
984,17258,2
984,20645,6
984,10268,4
984,20553,1
985,13321,1
985,17846,6
985,17258,4
985,20645,3
985,10268,5
985,20553,2
986,13321,4
986,17846,5
986,17258,6
986,20645,2
986,10268,3
986,20553,1
987,13321,5
987,17846,2
987,17258,1
987,20645,4
987,10268,6
987,20553,3
988,13321,3
988,17846,6
988,17258,5
988,20645,4
988,10268,1
988,20553,2
989,13321,4
989,17846,5
989,17258,3
989,20645,1
989,10268,6
989,20553,2
990,13321,3
990,17846,6
990,17258,5
990,20645,4
990,10268,2
990,20553,1
991,13321,3
991,17846,6
991,17258,5
991,20645,4
991,10268,1
991,20553,2
992,13321,4
992,17846,6
992,17258,2
992,20645,5
992,10268,3
992,20553,1
993,13321,3
993,17846,6
993,17258,5
993,20645,4
993,10268,1
993,20553,2
994,13321,6
994,17846,5
994,17258,4
994,20645,3
994,10268,2
994,20553,1
995,13321,3
995,17846,1
995,17258,2
995,20645,4
995,10268,5
995,20553,6
996,13321,6
996,17846,2
996,17258,5
996,20645,4
996,10268,3
996,20553,1
997,13321,3
997,17846,6
997,17258,5
997,20645,4
997,10268,2
997,20553,1
998,13321,5
998,17846,4
998,17258,3
998,20645,6
998,10268,1
998,20553,2
999,13321,3
999,17846,6
999,17258,5
999,20645,4
999,10268,1
999,20553,2
1000,13321,
1000,17846,
1000,17258,
1000,20645,
1000,10268,
1000,20553,1